<?xml version="1.0" encoding="UTF-8" standalone="yes"?>
<addon id="plugin.audio.spektralmurstrom" name="Spektral &amp; mur.strom Podcast" version="1.0.0" provider-name="mstroh">
  <requires>
    <import addon="xbmc.python" version="2.1.0"/>
    <import addon="script.module.xbmcswift2" version="2.4.0"/>
  </requires>
  <extension point="xbmc.python.pluginsource" library="addon.py">
    <provides>Audio</provides>
  </extension>
  <extension point="xbmc.addon.metadata">
    <platform>all</platform>
    <language></language>
    <summary>Spektral Graz &amp; mur.strom Podcasts</summary>
    <description>Podcasts des Grazer Freiraumprojekts Spektral und Interview-Podcasts von mur.strom</description>
    <license>CC BY 3.0</license>
  </extension>
</addon>
